﻿<?xml version="1.0" encoding="utf-8" ?>
<Defs>

  <ThingDef ParentName="LeatherBase">
    <defName>Leather_wolvx</defName>
    <label>logann leather</label>
    <description>Tanned, dried, scraped human skin. Most people find this material horrifying. Some find it fascinating. While a decent leather, it neither protects nor insulates particularly well.</description>
    <graphicData>
      <color>(240,240,204)</color>
    </graphicData>
    <statBases>
      <MarketValue>4.2</MarketValue>
      <StuffPower_Armor_Sharp>0.64</StuffPower_Armor_Sharp>
      <StuffPower_Insulation_Cold>12</StuffPower_Insulation_Cold>
      <StuffPower_Insulation_Heat>12</StuffPower_Insulation_Heat>
    </statBases>
    <stuffProps>
      <color>(240,240,204)</color>
      <commonality>0.0025</commonality>
    </stuffProps>
  </ThingDef>
  
</Defs>
