<?xml version="1.0" encoding="utf-8" ?>
<Defs>

  <HediffDef ParentName="AddedBodyPartBase">
    <defName>BionicWolvxTail</defName>
    <label>bionic Logann tail</label>
    <spawnThingOnRemoved>BionicWolvxTail</spawnThingOnRemoved>
    <description>a biomechanical mustelid tail used for balance.</description>
    <addedPartProps>
      <betterThanNatural>true</betterThanNatural>
      <solid>true</solid>
      <partEfficiency>1.2</partEfficiency>
    </addedPartProps>
    <stages>
      <li>
          <capMods>
            <li>
              <capacity>Manipulation</capacity>
              <offset>0.2</offset>
            </li>
			 <li>
               <capacity>Moving</capacity>
               <offset>0.2</offset>
            </li>
          </capMods>
      </li>
    </stages>
  </HediffDef>

    <HediffDef ParentName="AddedBodyPartBase">
    <defName>ClothTail</defName>
    <label>cloth tail</label>
    <description>Why did you put this on? It would have grown back...</description>
    <addedPartProps>
      <solid>true</solid>
      <partEfficiency>0.6</partEfficiency>
    </addedPartProps>
  </HediffDef>

  
</Defs>