<?xml version="1.0" encoding="utf-8" ?>
<Defs>
<AlienRace.PawnBioDef>
    <defName>WolvBioDutch</defName>
    <childhoodDef>WolvxDutchCH</childhoodDef> 
    <adulthoodDef>WolvxDutchAD</adulthoodDef>
    <gender>Male</gender>
    <name>
      <first>Alan</first>
      <last>Schaefer</last>
      <nick>Dutch</nick>
    </name>
    <validRaces>
          <li>Alien_Wolvx</li>
    </validRaces>
    <factionLeader>false</factionLeader>
</AlienRace.PawnBioDef>

<AlienRace.PawnBioDef>
    <defName>WBio_NFury</defName>
    <childhoodDef>WolvxFuryCH</childhoodDef> 
    <adulthoodDef>WolvxFuryAD</adulthoodDef>
    <gender>Male</gender>
    <name>
      <first>Nick</first>
      <last>Fury</last>
      <nick>Fury</nick>
    </name>
    <validRaces>
          <li>Alien_Wolvx</li>
    </validRaces>
    <factionLeader>false</factionLeader>
</AlienRace.PawnBioDef>



<AlienRace.PawnBioDef>
    <defName>WBio_BJBlaz</defName>
    <childhoodDef>WolvxBJCH</childhoodDef> 
    <adulthoodDef>WolvxBJAD</adulthoodDef>
    <gender>Male</gender>
    <name>
      <first>BJ</first>
      <last>Blazkowicz</last>
      <nick>Blazko</nick>
    </name>
    <validRaces>
          <li>Alien_Wolvx</li>
    </validRaces>
    <factionLeader>false</factionLeader>
</AlienRace.PawnBioDef>

</Defs>